{
  "norm_stats": {
    "action.arm.position": {
      "mean": [
        -0.00692196749150753,
        0.05786188319325447,
        -0.05673779919743538,
        -0.02946695126593113,
        -0.006961710285395384,
        0.08737649023532867,
        -0.0032223910093307495,
        0.008642501197755337,
        -0.057473551481962204,
        0.059755243360996246,
        -0.045981649309396744,
        0.005891971755772829,
        -0.08693268895149231,
        0.0006929166265763342
      ],
      "std": [
        0.3482074439525604,
        0.21009641885757446,
        0.2440067082643509,
        0.49782106280326843,
        0.025375934317708015,
        0.19754965603351593,
        0.14938664436340332,
        0.3791479766368866,
        0.2033461630344391,
        0.2733100950717926,
        0.6098523736000061,
        0.023111190646886826,
        0.2354016751050949,
        0.1753433793783188
      ],
      "q01": [
        -0.8109073755979538,
        -0.6034886009216308,
        -0.7875423708200455,
        -1.3426314245223998,
        -0.09365888090133667,
        -0.23993067526221276,
        -0.47638675982952117,
        -0.935597128033638,
        -0.5924045724868774,
        -0.5979217788815498,
        -1.671380154132843,
        -0.05871777515411377,
        -0.9112432413339615,
        -0.47798413288593294
      ],
      "q99": [
        0.8059984118342398,
        0.5957224476814271,
        0.582275885272026,
        1.2466436650276185,
        0.075795397233963,
        0.6996992881864309,
        0.454038668513298,
        0.8213874729871748,
        0.5944414446949957,
        0.9698521724700926,
        1.7694566148519515,
        0.07607412242889405,
        0.4096544266760349,
        0.6325968614816666
      ],
      "q02": [
        -0.7872116262197495,
        -0.5400293442249298,
        -0.5811393653392791,
        -1.2406106802940369,
        -0.08185133233070374,
        -0.2356745790719986,
        -0.4681805716753006,
        -0.821475231051445,
        -0.585968572795391,
        -0.5898277719497681,
        -1.5079545657634736,
        -0.04938460674285888,
        -0.724069105130434,
        -0.46139753361940383
      ],
      "q98": [
        0.7964542905569076,
        0.5906553587436676,
        0.5750081738114357,
        1.026073676109314,
        0.05202073862552642,
        0.64998034632802,
        0.4198462178707123,
        0.8115352228879928,
        0.5362790771126746,
        0.6855061898231505,
        1.4838663539886472,
        0.07077608623504639,
        0.3271910196006298,
        0.4806732276201249
      ],
      "min": [
        -0.8378942012786865,
        -0.6054189205169678,
        -0.8590566515922546,
        -1.3449112176895142,
        -0.12833690643310547,
        -0.24805594980716705,
        -0.49651145935058594,
        -1.1314105987548828,
        -0.594311535358429,
        -0.6095349192619324,
        -1.9399806261062622,
        -0.06192123889923096,
        -1.0144708156585693,
        -0.49481111764907837
      ],
      "max": [
        0.8076439499855042,
        0.6010308265686035,
        0.5944856405258179,
        1.504830241203308,
        0.13759887218475342,
        0.7192386388778687,
        0.4804157018661499,
        0.921141505241394,
        0.5975402593612671,
        1.1500318050384521,
        2.1052072048187256,
        0.09209144115447998,
        0.46868398785591125,
        0.7071163654327393
      ]
    },
    "action.effector.position": {
      "mean": [
        0.3936842679977417,
        0.2773270905017853
      ],
      "std": [
        0.4297231137752533,
        0.4029296636581421
      ],
      "q01": [
        -1e-10,
        -1e-10
      ],
      "q99": [
        0.8625725572989613,
        0.8625725572989613
      ],
      "q02": [
        -1e-10,
        -1e-10
      ],
      "q98": [
        0.8625725572989613,
        0.8625725572989613
      ],
      "min": [
        0.0,
        0.0
      ],
      "max": [
        0.8627451062202454,
        0.8627451062202454
      ]
    },
    "observation.state.arm.position": {
      "mean": [
        0.21006913483142853,
        0.1630355417728424,
        -0.2801930904388428,
        -1.8344913721084595,
        -1.5569535493850708,
        -0.15934452414512634,
        0.04625295102596283,
        0.1509089320898056,
        -0.16919997334480286,
        0.27619531750679016,
        -1.759924292564392,
        1.5574860572814941,
        0.14205846190452576,
        0.03542672097682953
      ],
      "std": [
        0.25956249237060547,
        0.1779245287179947,
        0.2573118805885315,
        0.369779497385025,
        0.024647323414683342,
        0.22895413637161255,
        0.11970501393079758,
        0.30438587069511414,
        0.17926470935344696,
        0.2708824872970581,
        0.4917649030685425,
        0.02186933159828186,
        0.2467675656080246,
        0.13746844232082367
      ],
      "q01": [
        -0.4579674076557159,
        -0.2505211772441864,
        -0.9397978645712137,
        -2.2653517723083496,
        -1.5715343996047975,
        -0.6748741063468158,
        -0.09803961374759675,
        -0.5714184401512146,
        -0.3496513068675995,
        -0.19321537593007088,
        -2.2653095722198486,
        1.4899323534488678,
        -0.3416822113990784,
        -0.21747037740051747
      ],
      "q99": [
        0.558240862607956,
        0.3495018129706383,
        0.09140391895920041,
        -0.7509998108148574,
        -1.4508156997203827,
        0.044983025683462574,
        0.4870149905323983,
        0.5581076340675353,
        0.2431040807545185,
        0.9520323579192163,
        -0.15647998185455814,
        1.5712848603963852,
        0.6746850150108337,
        0.4849845520853997
      ],
      "q02": [
        -0.45552459931373596,
        -0.24606943258047104,
        -0.9329162348732353,
        -2.2653517723083496,
        -1.5714555671930313,
        -0.6713761166386306,
        -0.09695773755311966,
        -0.5641778883934021,
        -0.3496513068675995,
        -0.18031315852701663,
        -2.2653095722198486,
        1.494415912246704,
        -0.327291898727417,
        -0.20634323698282242
      ],
      "q98": [
        0.558240862607956,
        0.3495018129706383,
        0.07263583796471362,
        -0.7631267534494399,
        -1.4745705331325532,
        0.04206803425997496,
        0.46946455448865887,
        0.5581076340675353,
        0.24203326612412934,
        0.9435872701644898,
        -0.1754784466326238,
        1.5712478061914443,
        0.6683121622562409,
        0.46778806234896186
      ],
      "min": [
        -0.45857810974121094,
        -0.2519649863243103,
        -0.9435514807701111,
        -2.2653517723083496,
        -1.5738468170166016,
        -0.6788093447685242,
        -0.10453087091445923,
        -0.5720972418785095,
        -0.3496513068675995,
        -0.2143280953168869,
        -2.2653095722198486,
        1.4787049293518066,
        -0.3478494882583618,
        -0.22773046791553497
      ],
      "max": [
        0.5592586994171143,
        0.34962213039398193,
        0.09911968559026718,
        -0.7494839429855347,
        -1.4424594640731812,
        0.04993851110339165,
        0.49651145935058594,
        0.5592389702796936,
        0.24524571001529694,
        0.9586007595062256,
        -0.1543690413236618,
        1.5713404417037964,
        0.6800299882888794,
        0.49481111764907837
      ]
    },
    "observation.state.effector.position": {
      "mean": [
        0.30410709977149963,
        0.18064934015274048
      ],
      "std": [
        0.3305502235889435,
        0.2863198518753052
      ],
      "q01": [
        0.0030496111399959773,
        0.0032176950480788946
      ],
      "q99": [
        0.8548927220186218,
        0.8558637107321994
      ],
      "q02": [
        0.0030496111399959773,
        0.0032176950480788946
      ],